"mesurement","mean","median","sd","min","max","q25","q75"
"Sepal.Length",5.006,5,0.352489687213451,4.3,5.8,4.8,5.2
"Sepal.Width",3.428,3.4,0.379064369096289,2.3,4.4,3.2,3.675
"Petal.Length",1.462,1.5,0.173663996480184,1,1.9,1.4,1.575
"Petal.Width",0.246,0.2,0.105385589380046,0.1,0.6,0.2,0.3